<?xml version="1.0" encoding="UTF-8"?>
<project-private xmlns="http://www.netbeans.org/ns/project-private/1">
    <editor-bookmarks xmlns="http://www.netbeans.org/ns/editor-bookmarks/2" lastBookmarkId="0"/>
    <open-files xmlns="http://www.netbeans.org/ns/projectui-open-files/2">
        <group>
            <file>file:/C:/Users/Asus%20VivoBook/Documents/NetBeansProjects/TCP/lutfia/src/Praktikum/pesanBalasan_Client.java</file>
            <file>file:/C:/Users/Asus%20VivoBook/Documents/NetBeansProjects/TCP/lutfia/src/Tugas/Server_TCP.java</file>
            <file>file:/C:/Users/Asus%20VivoBook/Documents/NetBeansProjects/TCP/lutfia/src/Image/server_image_TCP.java</file>
            <file>file:/C:/Users/Asus%20VivoBook/Documents/NetBeansProjects/TCP/lutfia/src/Tugas/datamhs_TCP.java</file>
            <file>file:/C:/Users/Asus%20VivoBook/Documents/NetBeansProjects/TCP/lutfia/src/Praktikum/DayTimeServer.java</file>
            <file>file:/C:/Users/Asus%20VivoBook/Documents/NetBeansProjects/TCP/lutfia/src/Tugas/SerializationDemo.java</file>
            <file>file:/C:/Users/Asus%20VivoBook/Documents/NetBeansProjects/TCP/lutfia/src/Tugas/pengiriman_Data_TCP.java</file>
            <file>file:/C:/Users/Asus%20VivoBook/Documents/NetBeansProjects/TCP/lutfia/src/Audio/Server_Audio_TCP.java</file>
            <file>file:/C:/Users/Asus%20VivoBook/Documents/NetBeansProjects/TCP/lutfia/src/Praktikum/pesanBerulang_Server.java</file>
            <file>file:/C:/Users/Asus%20VivoBook/Documents/NetBeansProjects/TCP/lutfia/src/Image/client_image_TCP.java</file>
            <file>file:/C:/Users/Asus%20VivoBook/Documents/NetBeansProjects/TCP/lutfia/src/Praktikum/DayTimeClient.java</file>
            <file>file:/C:/Users/Asus%20VivoBook/Documents/NetBeansProjects/TCP/lutfia/src/Tugas/Participant_TCP.java</file>
            <file>file:/C:/Users/Asus%20VivoBook/Documents/NetBeansProjects/TCP/lutfia/src/Praktikum/pesanBerulang_Client.java</file>
            <file>file:/C:/Users/Asus%20VivoBook/Documents/NetBeansProjects/TCP/lutfia/src/Tugas/tabelmodel_TCP.java</file>
            <file>file:/C:/Users/Asus%20VivoBook/Documents/NetBeansProjects/TCP/lutfia/src/Praktikum/pesanBalasan_Server.java</file>
            <file>file:/C:/Users/Asus%20VivoBook/Documents/NetBeansProjects/TCP/lutfia/src/Audio/Client_Audio_TCP.java</file>
        </group>
    </open-files>
</project-private>
